"code","name","code_foreign_district"
AF,Afghanistan,CIRCO_FDE-11
ZA,Afrique du Sud,CIRCO_FDE-10
AL,Albanie,CIRCO_FDE-07
DZ,Algérie,CIRCO_FDE-09
DE,Allemagne,CIRCO_FDE-07
AD,Andorre,CIRCO_FDE-05
AO,Angola,CIRCO_FDE-10
AI,Anguilla,
AQ,Antarctique,
AG,Antigua-et-Barbuda,
SA,Arabie saoudite,CIRCO_FDE-10
AR,Argentine,CIRCO_FDE-02
AM,Arménie,CIRCO_FDE-07
AW,Aruba,
AU,Australie,CIRCO_FDE-11
AT,Autriche,CIRCO_FDE-07
AZ,Azerbaïdjan,CIRCO_FDE-11
BS,Bahamas,
BH,Bahreïn,CIRCO_FDE-10
BD,Bangladesh,CIRCO_FDE-11
BB,Barbade,
BE,Belgique,CIRCO_FDE-04
BZ,Belize,
BJ,Bénin,CIRCO_FDE-10
BM,Bermudes,
BT,Bhoutan,
BY,Biélorussie,CIRCO_FDE-11
BO,Bolivie,CIRCO_FDE-02
BA,Bosnie-Herzégovine,CIRCO_FDE-07
BW,Botswana,
BR,Brésil,CIRCO_FDE-02
BN,Brunéi Darussalam,CIRCO_FDE-11
BG,Bulgarie,CIRCO_FDE-07
BF,Burkina Faso,CIRCO_FDE-09
BI,Burundi,CIRCO_FDE-10
KH,Cambodge,CIRCO_FDE-11
CM,Cameroun,CIRCO_FDE-10
CA,Canada,CIRCO_FDE-01
CV,Cap-Vert,CIRCO_FDE-09
CL,Chili,CIRCO_FDE-02
CN,Chine,CIRCO_FDE-11
CY,Chypre,CIRCO_FDE-08
CO,Colombie,CIRCO_FDE-02
KM,Comores,CIRCO_FDE-10
CG,Congo-Brazzaville,CIRCO_FDE-10
CD,Congo-Kinshasa,CIRCO_FDE-10
KP,Corée du Nord,CIRCO_FDE-11
KR,Corée du Sud,CIRCO_FDE-11
CR,Costa Rica,CIRCO_FDE-02
CI,Côte d’Ivoire,CIRCO_FDE-09
HR,Croatie,CIRCO_FDE-07
CU,Cuba,CIRCO_FDE-02
CW,Curaçao,
DK,Danemark,CIRCO_FDE-03
DJ,Djibouti,CIRCO_FDE-10
DM,Dominique,
EG,Égypte,CIRCO_FDE-10
AE,Émirats arabes unis,CIRCO_FDE-10
EC,Équateur,CIRCO_FDE-02
ER,Érythrée,
ES,Espagne,CIRCO_FDE-05
EE,Estonie,CIRCO_FDE-03
SZ,Eswatini,
VA,État de la Cité du Vatican,CIRCO_FDE-08
FM,États fédérés de Micronésie,
US,États-Unis,CIRCO_FDE-01
ET,Éthiopie,CIRCO_FDE-10
FJ,Fidji,CIRCO_FDE-11
FI,Finlande,CIRCO_FDE-03
FR,France,
GA,Gabon,CIRCO_FDE-10
GM,Gambie,
GE,Géorgie,CIRCO_FDE-07
GS,Géorgie du Sud et îles Sandwich du Sud,
GH,Ghana,CIRCO_FDE-10
GI,Gibraltar,
GR,Grèce,CIRCO_FDE-08
GD,Grenade,
GL,Groenland,
GP,Guadeloupe,
GU,Guam,
GT,Guatemala,CIRCO_FDE-02
GG,Guernesey,
GN,Guinée,CIRCO_FDE-09
GQ,Guinée équatoriale,CIRCO_FDE-10
GW,Guinée-Bissau,CIRCO_FDE-09
GY,Guyana,
GF,Guyane française,
HT,Haïti,CIRCO_FDE-02
HN,Honduras,CIRCO_FDE-02
HU,Hongrie,CIRCO_FDE-07
BV,Île Bouvet,
CX,Île Christmas,
IM,Île de Man,
NF,Île Norfolk,
AX,Îles Åland,
KY,Îles Caïmans,
CC,Îles Cocos,
CK,Îles Cook,
FO,Îles Féroé,
HM,Îles Heard et McDonald,
FK,Îles Malouines,
MP,Îles Mariannes du Nord,
MH,Îles Marshall,
UM,Îles mineures éloignées des États-Unis,
PN,Îles Pitcairn,
SB,Îles Salomon,
TC,Îles Turques-et-Caïques,
VG,Îles Vierges britanniques,
VI,Îles Vierges des États-Unis,
IN,Inde,CIRCO_FDE-11
ID,Indonésie,CIRCO_FDE-11
IQ,Irak,CIRCO_FDE-10
IR,Iran,CIRCO_FDE-11
IE,Irlande,CIRCO_FDE-03
IS,Islande,CIRCO_FDE-03
IL,Israël,CIRCO_FDE-08
IT,Italie,CIRCO_FDE-08
JM,Jamaïque,
JP,Japon,CIRCO_FDE-11
JE,Jersey,
JO,Jordanie,CIRCO_FDE-10
KZ,Kazakhstan,CIRCO_FDE-11
KE,Kenya,CIRCO_FDE-10
KG,Kirghizistan,CIRCO_FDE-11
KI,Kiribati,
KW,Koweït,CIRCO_FDE-10
RE,La Réunion,
LA,Laos,CIRCO_FDE-11
LS,Lesotho,
LV,Lettonie,CIRCO_FDE-03
LB,Liban,CIRCO_FDE-10
LR,Libéria,
LY,Libye,CIRCO_FDE-09
LI,Liechtenstein,CIRCO_FDE-06
LT,Lituanie,CIRCO_FDE-03
LU,Luxembourg,CIRCO_FDE-04
MK,Macédoine du Nord,CIRCO_FDE-07
MG,Madagascar,CIRCO_FDE-10
MY,Malaisie,CIRCO_FDE-11
MW,Malawi,
MV,Maldives,
ML,Mali,CIRCO_FDE-09
MT,Malte,CIRCO_FDE-08
MA,Maroc,CIRCO_FDE-09
MQ,Martinique,
MU,Maurice,CIRCO_FDE-10
MR,Mauritanie,CIRCO_FDE-09
YT,Mayotte,
MX,Mexique,CIRCO_FDE-02
MD,Moldavie,CIRCO_FDE-07
MC,Monaco,CIRCO_FDE-05
MN,Mongolie,
ME,Monténégro,CIRCO_FDE-07
MS,Montserrat,
MZ,Mozambique,CIRCO_FDE-10
MM,Myanmar (Birmanie),CIRCO_FDE-11
NA,Namibie,CIRCO_FDE-10
NR,Nauru,
NP,Népal,CIRCO_FDE-11
NI,Nicaragua,CIRCO_FDE-02
NE,Niger,CIRCO_FDE-09
NG,Nigéria,CIRCO_FDE-10
NU,Niue,
NO,Norvège,CIRCO_FDE-03
NC,Nouvelle-Calédonie,
NZ,Nouvelle-Zélande,CIRCO_FDE-11
OM,Oman,CIRCO_FDE-10
UG,Ouganda,CIRCO_FDE-10
UZ,Ouzbékistan,CIRCO_FDE-11
PK,Pakistan,CIRCO_FDE-11
PW,Palaos,
PA,Panama,CIRCO_FDE-02
PG,Papouasie-Nouvelle-Guinée,CIRCO_FDE-11
PY,Paraguay,CIRCO_FDE-02
NL,Pays-Bas,CIRCO_FDE-04
BQ,Pays-Bas caribéens,
PE,Pérou,CIRCO_FDE-02
PH,Philippines,CIRCO_FDE-11
PL,Pologne,CIRCO_FDE-07
PF,Polynésie française,
PR,Porto Rico,
PT,Portugal,CIRCO_FDE-05
QA,Qatar,CIRCO_FDE-10
HK,R.A.S. chinoise de Hong Kong,
MO,R.A.S. chinoise de Macao,
CF,République centrafricaine,CIRCO_FDE-10
DO,République dominicaine,CIRCO_FDE-02
RO,Roumanie,CIRCO_FDE-07
GB,Royaume-Uni,CIRCO_FDE-03
RU,Russie,CIRCO_FDE-11
RW,Rwanda,CIRCO_FDE-10
EH,Sahara occidental,
BL,Saint-Barthélemy,
KN,Saint-Christophe-et-Niévès,
SM,Saint-Marin,
MF,Saint-Martin,
SX,Saint-Martin (partie néerlandaise),
PM,Saint-Pierre-et-Miquelon,
VC,Saint-Vincent-et-les-Grenadines,
SH,Sainte-Hélène,
LC,Sainte-Lucie,CIRCO_FDE-02
SV,Salvador,CIRCO_FDE-02
WS,Samoa,
AS,Samoa américaines,
ST,Sao Tomé-et-Principe,
SN,Sénégal,CIRCO_FDE-09
RS,Serbie,CIRCO_FDE-07
SC,Seychelles,CIRCO_FDE-10
SL,Sierra Leone,
SG,Singapour,CIRCO_FDE-11
SK,Slovaquie,CIRCO_FDE-07
SI,Slovénie,CIRCO_FDE-07
SO,Somalie,
SD,Soudan,CIRCO_FDE-10
SS,Soudan du Sud,CIRCO_FDE-10
LK,Sri Lanka,CIRCO_FDE-11
SE,Suède,CIRCO_FDE-03
CH,Suisse,CIRCO_FDE-06
SR,Suriname,
SJ,Svalbard et Jan Mayen,
SY,Syrie,CIRCO_FDE-10
TJ,Tadjikistan,CIRCO_FDE-11
TW,Taïwan,CIRCO_FDE-11
TZ,Tanzanie,CIRCO_FDE-10
TD,Tchad,CIRCO_FDE-10
CZ,Tchéquie,CIRCO_FDE-07
TF,Terres australes françaises,
IO,Territoire britannique de l’océan Indien,
PS,Territoires palestiniens,CIRCO_FDE-08
TH,Thaïlande,CIRCO_FDE-11
TL,Timor oriental,
TG,Togo,CIRCO_FDE-10
TK,Tokelau,
TO,Tonga,
TT,Trinité-et-Tobago,CIRCO_FDE-02
TN,Tunisie,CIRCO_FDE-09
TM,Turkménistan,CIRCO_FDE-11
TR,Turquie,CIRCO_FDE-08
TV,Tuvalu,
UA,Ukraine,CIRCO_FDE-11
UY,Uruguay,CIRCO_FDE-02
VU,Vanuatu,CIRCO_FDE-11
VE,Venezuela,CIRCO_FDE-02
VN,Vietnam,CIRCO_FDE-11
WF,Wallis-et-Futuna,
YE,Yémen,CIRCO_FDE-10
ZM,Zambie,CIRCO_FDE-10
ZW,Zimbabwe,CIRCO_FDE-10
XK,Kosovo,CIRCO_FDE-07
