"zone";"id";"type"
zone_borough_75101;2072;borough
zone_borough_75102;2073;borough
zone_borough_75103;2074;borough
zone_borough_75104;2075;borough
zone_borough_75105;2076;borough
zone_borough_75106;2077;borough
zone_borough_75107;2078;borough
zone_borough_75108;2079;borough
zone_borough_75109;2080;borough
zone_borough_75110;2081;borough
zone_borough_75111;2082;borough
zone_borough_75112;2083;borough
zone_borough_75113;2084;borough
zone_borough_75114;2085;borough
zone_borough_75115;2086;borough
zone_borough_75116;2087;borough
zone_borough_75117;2088;borough
zone_borough_75118;2089;borough
zone_borough_75119;2090;borough
zone_borough_75120;2091;borough
zone_borough_13201;2092;borough
zone_borough_13202;2093;borough
zone_borough_13203;2094;borough
zone_borough_13204;2095;borough
zone_borough_13205;2096;borough
zone_borough_13206;2097;borough
zone_borough_13207;2098;borough
zone_borough_13208;2099;borough
zone_borough_13209;2100;borough
zone_borough_13210;2101;borough
zone_borough_13211;2102;borough
zone_borough_13212;2103;borough
zone_borough_13213;2104;borough
zone_borough_13214;2105;borough
zone_borough_13215;2106;borough
zone_borough_13216;2107;borough
zone_borough_13217;2108;borough
zone_borough_69381;2109;borough
zone_borough_69382;2110;borough
zone_borough_69383;2111;borough
zone_borough_69384;2112;borough
zone_borough_69385;2113;borough
zone_borough_69386;2114;borough
zone_borough_69387;2115;borough
zone_borough_69388;2116;borough
zone_borough_69389;2117;borough
zone_canton_5902;1024;canton
zone_canton_5903;1025;canton
zone_canton_5904;1026;canton
zone_canton_5905;1027;canton
zone_canton_5906;1028;canton
zone_canton_5907;1029;canton
zone_canton_5908;1030;canton
zone_canton_5909;1031;canton
zone_canton_5910;1032;canton
zone_canton_5911;1033;canton
zone_canton_5912;1034;canton
zone_canton_5913;1035;canton
zone_canton_5914;1036;canton
zone_canton_5915;1037;canton
zone_canton_5916;1038;canton
zone_canton_5917;1039;canton
zone_canton_5918;1040;canton
zone_canton_5919;1041;canton
zone_canton_5920;1042;canton
zone_canton_5921;1043;canton
zone_canton_5922;1044;canton
zone_canton_5923;1045;canton
zone_canton_5924;1046;canton
zone_canton_5925;1047;canton
zone_canton_5926;1048;canton
zone_canton_5927;1049;canton
zone_canton_5928;1050;canton
zone_canton_5929;1051;canton
zone_canton_5930;1052;canton
zone_canton_5931;1053;canton
zone_canton_5932;1054;canton
zone_canton_5933;1055;canton
zone_canton_5934;1056;canton
zone_canton_5935;1057;canton
zone_canton_5936;1058;canton
zone_canton_5937;1059;canton
zone_canton_5938;1060;canton
zone_canton_5939;1061;canton
zone_canton_5940;1062;canton
zone_canton_5941;1063;canton
zone_canton_5996;1064;canton
zone_canton_5997;1065;canton
zone_canton_5998;1066;canton
zone_canton_5999;1067;canton
zone_canton_6901;1068;canton
zone_canton_6902;1069;canton
zone_canton_6903;1070;canton
zone_canton_6904;1071;canton
zone_canton_6905;1072;canton
zone_canton_6906;1073;canton
zone_canton_6907;1074;canton
zone_canton_6908;1075;canton
zone_canton_6909;1076;canton
zone_canton_6910;1077;canton
zone_canton_6911;1078;canton
zone_canton_6912;1079;canton
zone_canton_6913;1080;canton
zone_canton_7601;1081;canton
zone_canton_7602;1082;canton
zone_canton_7603;1083;canton
zone_canton_7604;1084;canton
zone_canton_7605;1085;canton
zone_canton_7606;1086;canton
zone_canton_7607;1087;canton
zone_canton_7608;1088;canton
zone_canton_7609;1089;canton
zone_canton_7610;1090;canton
zone_canton_7611;1091;canton
zone_canton_7612;1092;canton
zone_canton_7613;1093;canton
zone_canton_7614;1094;canton
zone_canton_7615;1095;canton
zone_canton_7616;1096;canton
zone_canton_7617;1097;canton
zone_canton_7618;1098;canton
zone_canton_7619;1099;canton
zone_canton_7620;1100;canton
zone_canton_7621;1101;canton
zone_canton_7622;1102;canton
zone_canton_7623;1103;canton
zone_canton_7624;1104;canton
zone_canton_7625;1105;canton
zone_canton_7626;1106;canton
zone_canton_7627;1107;canton
zone_canton_7628;1108;canton
zone_canton_7629;1109;canton
zone_canton_7630;1110;canton
zone_canton_7631;1111;canton
zone_canton_7632;1112;canton
zone_canton_7633;1113;canton
zone_canton_7634;1114;canton
zone_canton_7635;1115;canton
zone_canton_7695;1116;canton
zone_canton_7696;1117;canton
zone_canton_7697;1118;canton
zone_canton_7698;1119;canton
zone_canton_7699;1120;canton
zone_canton_7701;1121;canton
zone_canton_7702;1122;canton
zone_canton_7703;1123;canton
zone_canton_7704;1124;canton
zone_canton_7705;1125;canton
zone_canton_7706;1126;canton
zone_canton_7707;1127;canton
zone_canton_7708;1128;canton
zone_canton_7709;1129;canton
zone_canton_7710;1130;canton
zone_canton_7711;1131;canton
zone_canton_7712;1132;canton
zone_canton_7713;1133;canton
zone_canton_7714;1134;canton
zone_canton_7715;1135;canton
zone_canton_7716;1136;canton
zone_canton_7717;1137;canton
zone_canton_7718;1138;canton
zone_canton_7719;1139;canton
zone_canton_7720;1140;canton
zone_canton_7721;1141;canton
zone_canton_7722;1142;canton
zone_canton_7723;1143;canton
zone_canton_9201;1144;canton
zone_canton_9202;1145;canton
zone_canton_9203;1146;canton
zone_canton_9204;1147;canton
zone_canton_9205;1148;canton
zone_canton_9206;1149;canton
zone_canton_9207;1150;canton
zone_canton_9208;1151;canton
zone_canton_9209;1152;canton
zone_canton_9210;1153;canton
zone_canton_9211;1154;canton
zone_canton_9212;1155;canton
zone_canton_9213;1156;canton
zone_canton_9214;1157;canton
zone_canton_9215;1158;canton
zone_canton_9216;1159;canton
zone_canton_9217;1160;canton
zone_canton_9218;1161;canton
zone_canton_9219;1162;canton
zone_canton_9220;1163;canton
zone_canton_9221;1164;canton
zone_canton_9222;1165;canton
zone_canton_9223;1166;canton
zone_canton_9295;1167;canton
zone_canton_9296;1168;canton
zone_canton_9297;1169;canton
zone_canton_9298;1170;canton
zone_canton_9299;1171;canton
zone_canton_9301;1172;canton
zone_canton_9302;1173;canton
zone_canton_9303;1174;canton
zone_canton_9304;1175;canton
zone_canton_9305;1176;canton
zone_canton_9306;1177;canton
zone_canton_9307;1178;canton
zone_canton_9308;1179;canton
zone_canton_9309;1180;canton
zone_canton_9310;1181;canton
zone_canton_9311;1182;canton
zone_canton_9312;1183;canton
zone_canton_9313;1184;canton
zone_canton_9314;1185;canton
zone_canton_9315;1186;canton
zone_canton_9316;1187;canton
zone_canton_9317;1188;canton
zone_canton_9318;1189;canton
zone_canton_9319;1190;canton
zone_canton_9320;1191;canton
zone_canton_9321;1192;canton
zone_canton_9395;1193;canton
zone_canton_9396;1194;canton
zone_canton_9397;1195;canton
zone_canton_9398;1196;canton
zone_canton_9399;1197;canton
zone_canton_9401;1198;canton
zone_canton_9402;1199;canton
zone_canton_9403;1200;canton
zone_canton_9404;1201;canton
zone_canton_9405;1202;canton
zone_canton_9406;1203;canton
zone_canton_9407;1204;canton
zone_canton_9408;1205;canton
zone_canton_9409;1206;canton
zone_canton_9410;1207;canton
zone_canton_9411;1208;canton
zone_canton_9412;1209;canton
zone_canton_9413;1210;canton
zone_canton_9414;1211;canton
zone_canton_9415;1212;canton
zone_canton_9416;1213;canton
zone_canton_0601;958;canton
zone_canton_9417;1214;canton
zone_canton_0602;959;canton
zone_canton_9418;1215;canton
zone_canton_0603;960;canton
zone_canton_9419;1216;canton
zone_canton_0604;961;canton
zone_canton_9420;1217;canton
zone_canton_0605;962;canton
zone_canton_9421;1218;canton
zone_canton_0606;963;canton
zone_canton_9422;1219;canton
zone_canton_0607;964;canton
zone_canton_9423;1220;canton
zone_canton_0608;965;canton
zone_canton_9424;1221;canton
zone_canton_0609;966;canton
zone_canton_9425;1222;canton
zone_canton_0610;967;canton
zone_canton_9493;1223;canton
zone_canton_0611;968;canton
zone_canton_9494;1224;canton
zone_canton_0612;969;canton
zone_canton_9495;1225;canton
zone_canton_0613;970;canton
zone_canton_9496;1226;canton
zone_canton_0614;971;canton
zone_canton_9497;1227;canton
zone_canton_0615;972;canton
zone_canton_9498;1228;canton
zone_canton_0616;973;canton
zone_canton_9499;1229;canton
zone_canton_0617;974;canton
zone_canton_0618;975;canton
zone_canton_0619;976;canton
zone_canton_0620;977;canton
zone_canton_0621;978;canton
zone_canton_0622;979;canton
zone_canton_0623;980;canton
zone_canton_0624;981;canton
zone_canton_0625;982;canton
zone_canton_0626;983;canton
zone_canton_0627;984;canton
zone_canton_0694;985;canton
zone_canton_0695;986;canton
zone_canton_0696;987;canton
zone_canton_0697;988;canton
zone_canton_0698;989;canton
zone_canton_0699;990;canton
zone_canton_1301;991;canton
zone_canton_1302;992;canton
zone_canton_1303;993;canton
zone_canton_1304;994;canton
zone_canton_1305;995;canton
zone_canton_1306;996;canton
zone_canton_1307;997;canton
zone_canton_1308;998;canton
zone_canton_1309;999;canton
zone_canton_1310;1000;canton
zone_canton_1311;1001;canton
zone_canton_1312;1002;canton
zone_canton_1313;1003;canton
zone_canton_1314;1004;canton
zone_canton_1315;1005;canton
zone_canton_1316;1006;canton
zone_canton_1317;1007;canton
zone_canton_1318;1008;canton
zone_canton_1319;1009;canton
zone_canton_1320;1010;canton
zone_canton_1321;1011;canton
zone_canton_1322;1012;canton
zone_canton_1323;1013;canton
zone_canton_1324;1014;canton
zone_canton_1325;1015;canton
zone_canton_1326;1016;canton
zone_canton_1327;1017;canton
zone_canton_1328;1018;canton
zone_canton_1329;1019;canton
zone_canton_1397;1020;canton
zone_canton_1398;1021;canton
zone_canton_1399;1022;canton
zone_canton_5901;1023;canton
zone_city_59284;1536;city
zone_city_76296;1792;city
zone_city_94048;2048;city
zone_city_59285;1537;city
zone_city_76302;1793;city
zone_city_94052;2049;city
zone_city_59286;1538;city
zone_city_76305;1794;city
zone_city_94053;2050;city
zone_city_59291;1539;city
zone_city_76312;1795;city
zone_city_94054;2051;city
zone_city_59292;1540;city
zone_city_76319;1796;city
zone_city_94055;2052;city
zone_city_59295;1541;city
zone_city_76322;1797;city
zone_city_94056;2053;city
zone_city_59299;1542;city
zone_city_76329;1798;city
zone_city_94058;2054;city
zone_city_59301;1543;city
zone_city_76341;1799;city
zone_city_94059;2055;city
zone_city_59302;1544;city
zone_city_76351;1800;city
zone_city_94060;2056;city
zone_city_59309;1545;city
zone_city_76366;1801;city
zone_city_94065;2057;city
zone_city_59314;1546;city
zone_city_76367;1802;city
zone_city_94067;2058;city
zone_city_59316;1547;city
zone_city_76377;1803;city
zone_city_94068;2059;city
zone_city_59317;1548;city
zone_city_76384;1804;city
zone_city_94069;2060;city
zone_city_59319;1549;city
zone_city_76401;1805;city
zone_city_94070;2061;city
zone_city_59322;1550;city
zone_city_76402;1806;city
zone_city_94071;2062;city
zone_city_59324;1551;city
zone_city_76410;1807;city
zone_city_94073;2063;city
zone_city_59327;1552;city
zone_city_76429;1808;city
zone_city_94074;2064;city
zone_city_59328;1553;city
zone_city_76447;1809;city
zone_city_94075;2065;city
zone_city_59329;1554;city
zone_city_76451;1810;city
zone_city_94076;2066;city
zone_city_59331;1555;city
zone_city_76452;1811;city
zone_city_94077;2067;city
zone_city_59335;1556;city
zone_city_76462;1812;city
zone_city_94078;2068;city
zone_city_59339;1557;city
zone_city_76474;1813;city
zone_city_94079;2069;city
zone_city_59340;1558;city
zone_city_76475;1814;city
zone_city_94080;2070;city
zone_city_59343;1559;city
zone_city_76476;1815;city
zone_city_94081;2071;city
zone_city_59346;1560;city
zone_city_76481;1816;city
zone_city_59350;1561;city
zone_city_76482;1817;city
zone_city_59352;1562;city
zone_city_76484;1818;city
zone_city_59359;1563;city
zone_city_76495;1819;city
zone_city_59360;1564;city
zone_city_76497;1820;city
zone_city_59361;1565;city
zone_city_76498;1821;city
zone_city_59365;1566;city
zone_city_76517;1822;city
zone_city_59367;1567;city
zone_city_76540;1823;city
zone_city_59368;1568;city
zone_city_76552;1824;city
zone_city_59369;1569;city
zone_city_76561;1825;city
zone_city_59375;1570;city
zone_city_76575;1826;city
zone_city_06004;1315;city
zone_city_59378;1571;city
zone_city_76591;1827;city
zone_city_06007;1316;city
zone_city_59383;1572;city
zone_city_76599;1828;city
zone_city_06010;1317;city
zone_city_59385;1573;city
zone_city_76618;1829;city
zone_city_06011;1318;city
zone_city_59386;1574;city
zone_city_76624;1830;city
zone_city_06012;1319;city
zone_city_59389;1575;city
zone_city_76640;1831;city
zone_city_06018;1320;city
zone_city_59390;1576;city
zone_city_76647;1832;city
zone_city_06027;1321;city
zone_city_59392;1577;city
zone_city_76655;1833;city
zone_city_06029;1322;city
zone_city_59398;1578;city
zone_city_76681;1834;city
zone_city_06030;1323;city
zone_city_59400;1579;city
zone_city_76705;1835;city
zone_city_06032;1324;city
zone_city_59410;1580;city
zone_city_76709;1836;city
zone_city_06033;1325;city
zone_city_59414;1581;city
zone_city_76711;1837;city
zone_city_06038;1326;city
zone_city_59416;1582;city
zone_city_76758;1838;city
zone_city_06044;1327;city
zone_city_59421;1583;city
zone_city_77005;1839;city
zone_city_06046;1328;city
zone_city_59426;1584;city
zone_city_77014;1840;city
zone_city_06048;1329;city
zone_city_59428;1585;city
zone_city_77018;1841;city
zone_city_06054;1330;city
zone_city_59429;1586;city
zone_city_77037;1842;city
zone_city_06057;1331;city
zone_city_59431;1587;city
zone_city_77040;1843;city
zone_city_06064;1332;city
zone_city_59447;1588;city
zone_city_77042;1844;city
zone_city_06065;1333;city
zone_city_59449;1589;city
zone_city_77048;1845;city
zone_city_06069;1334;city
zone_city_59452;1590;city
zone_city_77053;1846;city
zone_city_06075;1335;city
zone_city_59456;1591;city
zone_city_77055;1847;city
zone_city_06079;1336;city
zone_city_59457;1592;city
zone_city_77058;1848;city
zone_city_06083;1337;city
zone_city_59459;1593;city
zone_city_77067;1849;city
zone_city_06084;1338;city
zone_city_59462;1594;city
zone_city_77079;1850;city
zone_city_06085;1339;city
zone_city_59466;1595;city
zone_city_77083;1851;city
zone_city_06088;1340;city
zone_city_59467;1596;city
zone_city_77085;1852;city
zone_city_06090;1341;city
zone_city_59476;1597;city
zone_city_77096;1853;city
zone_city_06095;1342;city
zone_city_59477;1598;city
zone_city_77099;1854;city
zone_city_06104;1343;city
zone_city_59479;1599;city
zone_city_77100;1855;city
zone_city_06105;1344;city
zone_city_59481;1600;city
zone_city_77107;1856;city
zone_city_06108;1345;city
zone_city_59482;1601;city
zone_city_77108;1857;city
zone_city_06112;1346;city
zone_city_59484;1602;city
zone_city_77111;1858;city
zone_city_06114;1347;city
zone_city_59486;1603;city
zone_city_77114;1859;city
zone_city_06118;1348;city
zone_city_59489;1604;city
zone_city_77118;1860;city
zone_city_06122;1349;city
zone_city_59491;1605;city
zone_city_77121;1861;city
zone_city_06123;1350;city
zone_city_59504;1606;city
zone_city_77122;1862;city
zone_city_06126;1351;city
zone_city_59507;1607;city
zone_city_77131;1863;city
zone_city_06128;1352;city
zone_city_59508;1608;city
zone_city_77132;1864;city
zone_city_06130;1353;city
zone_city_59509;1609;city
zone_city_77139;1865;city
zone_city_06136;1354;city
zone_city_59512;1610;city
zone_city_77142;1866;city
zone_city_06140;1355;city
zone_city_59514;1611;city
zone_city_77143;1867;city
zone_city_06147;1356;city
zone_city_59523;1612;city
zone_city_77152;1868;city
zone_city_06148;1357;city
zone_city_59524;1613;city
zone_city_77153;1869;city
zone_city_06149;1358;city
zone_city_59525;1614;city
zone_city_77155;1870;city
zone_city_06150;1359;city
zone_city_59526;1615;city
zone_city_77159;1871;city
zone_city_06152;1360;city
zone_city_59527;1616;city
zone_city_77169;1872;city
zone_city_06155;1361;city
zone_city_59544;1617;city
zone_city_77171;1873;city
zone_city_06157;1362;city
zone_city_59550;1618;city
zone_city_77175;1874;city
zone_city_06159;1363;city
zone_city_59553;1619;city
zone_city_77176;1875;city
zone_city_06161;1364;city
zone_city_59560;1620;city
zone_city_77181;1876;city
zone_city_13001;1365;city
zone_city_59564;1621;city
zone_city_77182;1877;city
zone_city_13002;1366;city
zone_city_59566;1622;city
zone_city_77183;1878;city
zone_city_13003;1367;city
zone_city_59569;1623;city
zone_city_77186;1879;city
zone_city_13004;1368;city
zone_city_59571;1624;city
zone_city_77192;1880;city
zone_city_13005;1369;city
zone_city_59574;1625;city
zone_city_77210;1881;city
zone_city_13007;1370;city
zone_city_59580;1626;city
zone_city_77215;1882;city
zone_city_13010;1371;city
zone_city_59581;1627;city
zone_city_77222;1883;city
zone_city_13014;1372;city
zone_city_59585;1628;city
zone_city_77226;1884;city
zone_city_13015;1373;city
zone_city_59586;1629;city
zone_city_77238;1885;city
zone_city_13016;1374;city
zone_city_59588;1630;city
zone_city_77243;1886;city
zone_city_13018;1375;city
zone_city_59589;1631;city
zone_city_77249;1887;city
zone_city_13019;1376;city
zone_city_59592;1632;city
zone_city_77251;1888;city
zone_city_13021;1377;city
zone_city_59598;1633;city
zone_city_77257;1889;city
zone_city_13022;1378;city
zone_city_59599;1634;city
zone_city_77258;1890;city
zone_city_13023;1379;city
zone_city_59601;1635;city
zone_city_77268;1891;city
zone_city_13024;1380;city
zone_city_59603;1636;city
zone_city_77276;1892;city
zone_city_13026;1381;city
zone_city_59606;1637;city
zone_city_77284;1893;city
zone_city_13027;1382;city
zone_city_59615;1638;city
zone_city_77285;1894;city
zone_city_13028;1383;city
zone_city_59616;1639;city
zone_city_77288;1895;city
zone_city_13030;1384;city
zone_city_59630;1640;city
zone_city_77294;1896;city
zone_city_13031;1385;city
zone_city_59632;1641;city
zone_city_77296;1897;city
zone_city_13032;1386;city
zone_city_59636;1642;city
zone_city_77305;1898;city
zone_city_13033;1387;city
zone_city_59646;1643;city
zone_city_77307;1899;city
zone_city_13035;1388;city
zone_city_59647;1644;city
zone_city_77312;1900;city
zone_city_13036;1389;city
zone_city_59648;1645;city
zone_city_77315;1901;city
zone_city_13037;1390;city
zone_city_59650;1646;city
zone_city_77316;1902;city
zone_city_13038;1391;city
zone_city_59653;1647;city
zone_city_77317;1903;city
zone_city_13039;1392;city
zone_city_59654;1648;city
zone_city_77320;1904;city
zone_city_13040;1393;city
zone_city_59656;1649;city
zone_city_77322;1905;city
zone_city_13041;1394;city
zone_city_59659;1650;city
zone_city_77326;1906;city
zone_city_13042;1395;city
zone_city_59660;1651;city
zone_city_77327;1907;city
zone_city_13043;1396;city
zone_city_59663;1652;city
zone_city_77330;1908;city
zone_city_13044;1397;city
zone_city_69003;1653;city
zone_city_77333;1909;city
zone_city_13045;1398;city
zone_city_69006;1654;city
zone_city_77335;1910;city
zone_city_13046;1399;city
zone_city_69007;1655;city
zone_city_77337;1911;city
zone_city_13047;1400;city
zone_city_69009;1656;city
zone_city_77349;1912;city
zone_city_13048;1401;city
zone_city_69010;1657;city
zone_city_77350;1913;city
zone_city_13050;1402;city
zone_city_69013;1658;city
zone_city_77371;1914;city
zone_city_13051;1403;city
zone_city_69019;1659;city
zone_city_77372;1915;city
zone_city_13052;1404;city
zone_city_69024;1660;city
zone_city_77373;1916;city
zone_city_13053;1405;city
zone_city_69027;1661;city
zone_city_77378;1917;city
zone_city_13054;1406;city
zone_city_69028;1662;city
zone_city_77379;1918;city
zone_city_13055;1407;city
zone_city_69029;1663;city
zone_city_77382;1919;city
zone_city_13056;1408;city
zone_city_69033;1664;city
zone_city_77389;1920;city
zone_city_13059;1409;city
zone_city_69034;1665;city
zone_city_77390;1921;city
zone_city_13060;1410;city
zone_city_69040;1666;city
zone_city_77393;1922;city
zone_city_13062;1411;city
zone_city_69043;1667;city
zone_city_77407;1923;city
zone_city_13063;1412;city
zone_city_69044;1668;city
zone_city_77409;1924;city
zone_city_13064;1413;city
zone_city_69046;1669;city
zone_city_77413;1925;city
zone_city_13065;1414;city
zone_city_69049;1670;city
zone_city_77419;1926;city
zone_city_13066;1415;city
zone_city_69052;1671;city
zone_city_77420;1927;city
zone_city_13067;1416;city
zone_city_69063;1672;city
zone_city_77430;1928;city
zone_city_13069;1417;city
zone_city_69064;1673;city
zone_city_77431;1929;city
zone_city_13070;1418;city
zone_city_69066;1674;city
zone_city_77437;1930;city
zone_city_13071;1419;city
zone_city_69068;1675;city
zone_city_77438;1931;city
zone_city_13072;1420;city
zone_city_69069;1676;city
zone_city_77445;1932;city
zone_city_13073;1421;city
zone_city_69072;1677;city
zone_city_77449;1933;city
zone_city_13074;1422;city
zone_city_69076;1678;city
zone_city_77450;1934;city
zone_city_13075;1423;city
zone_city_69081;1679;city
zone_city_77458;1935;city
zone_city_13076;1424;city
zone_city_69087;1680;city
zone_city_77463;1936;city
zone_city_13077;1425;city
zone_city_69088;1681;city
zone_city_77464;1937;city
zone_city_13078;1426;city
zone_city_69089;1682;city
zone_city_77468;1938;city
zone_city_13080;1427;city
zone_city_69091;1683;city
zone_city_77470;1939;city
zone_city_13081;1428;city
zone_city_69092;1684;city
zone_city_77475;1940;city
zone_city_13082;1429;city
zone_city_69094;1685;city
zone_city_77479;1941;city
zone_city_13083;1430;city
zone_city_69096;1686;city
zone_city_77482;1942;city
zone_city_13084;1431;city
zone_city_69100;1687;city
zone_city_77487;1943;city
zone_city_13085;1432;city
zone_city_69112;1688;city
zone_city_77493;1944;city
zone_city_13086;1433;city
zone_city_69115;1689;city
zone_city_77494;1945;city
zone_city_13087;1434;city
zone_city_69116;1690;city
zone_city_77495;1946;city
zone_city_13088;1435;city
zone_city_69117;1691;city
zone_city_77513;1947;city
zone_city_13089;1436;city
zone_city_69118;1692;city
zone_city_77514;1948;city
zone_city_13091;1437;city
zone_city_69121;1693;city
zone_city_77533;1949;city
zone_city_13092;1438;city
zone_city_69123;1694;city
zone_city_92002;1950;city
zone_city_13096;1439;city
zone_city_69127;1695;city
zone_city_92004;1951;city
zone_city_13097;1440;city
zone_city_69131;1696;city
zone_city_92007;1952;city
zone_city_13098;1441;city
zone_city_69133;1697;city
zone_city_92009;1953;city
zone_city_13100;1442;city
zone_city_69136;1698;city
zone_city_92012;1954;city
zone_city_13101;1443;city
zone_city_69141;1699;city
zone_city_92014;1955;city
zone_city_13102;1444;city
zone_city_69142;1700;city
zone_city_92019;1956;city
zone_city_13103;1445;city
zone_city_69143;1701;city
zone_city_92020;1957;city
zone_city_13104;1446;city
zone_city_69149;1702;city
zone_city_92022;1958;city
zone_city_13105;1447;city
zone_city_69152;1703;city
zone_city_92023;1959;city
zone_city_13106;1448;city
zone_city_69154;1704;city
zone_city_92024;1960;city
zone_city_13107;1449;city
zone_city_69156;1705;city
zone_city_92025;1961;city
zone_city_13108;1450;city
zone_city_69157;1706;city
zone_city_92026;1962;city
zone_city_13110;1451;city
zone_city_69159;1707;city
zone_city_92032;1963;city
zone_city_13112;1452;city
zone_city_69163;1708;city
zone_city_92033;1964;city
zone_city_13113;1453;city
zone_city_69176;1709;city
zone_city_92035;1965;city
zone_city_13114;1454;city
zone_city_69179;1710;city
zone_city_92036;1966;city
zone_city_13117;1455;city
zone_city_69191;1711;city
zone_city_92040;1967;city
zone_city_13118;1456;city
zone_city_69194;1712;city
zone_city_92044;1968;city
zone_city_13119;1457;city
zone_city_69199;1713;city
zone_city_92046;1969;city
zone_city_59002;1458;city
zone_city_69202;1714;city
zone_city_92048;1970;city
zone_city_59005;1459;city
zone_city_69204;1715;city
zone_city_92049;1971;city
zone_city_59008;1460;city
zone_city_69205;1716;city
zone_city_92050;1972;city
zone_city_59009;1461;city
zone_city_69206;1717;city
zone_city_92051;1973;city
zone_city_59011;1462;city
zone_city_69207;1718;city
zone_city_92060;1974;city
zone_city_59012;1463;city
zone_city_69227;1719;city
zone_city_92062;1975;city
zone_city_59014;1464;city
zone_city_69228;1720;city
zone_city_92063;1976;city
zone_city_59015;1465;city
zone_city_69231;1721;city
zone_city_92064;1977;city
zone_city_59017;1466;city
zone_city_69238;1722;city
zone_city_92071;1978;city
zone_city_59024;1467;city
zone_city_69241;1723;city
zone_city_92072;1979;city
zone_city_59028;1468;city
zone_city_69243;1724;city
zone_city_92073;1980;city
zone_city_59032;1469;city
zone_city_69244;1725;city
zone_city_92075;1981;city
zone_city_59033;1470;city
zone_city_69248;1726;city
zone_city_92076;1982;city
zone_city_59034;1471;city
zone_city_69249;1727;city
zone_city_92077;1983;city
zone_city_59036;1472;city
zone_city_69250;1728;city
zone_city_92078;1984;city
zone_city_59037;1473;city
zone_city_69255;1729;city
zone_city_93001;1985;city
zone_city_59043;1474;city
zone_city_69256;1730;city
zone_city_93005;1986;city
zone_city_59044;1475;city
zone_city_69259;1731;city
zone_city_93006;1987;city
zone_city_59051;1476;city
zone_city_69260;1732;city
zone_city_93007;1988;city
zone_city_59052;1477;city
zone_city_69264;1733;city
zone_city_93008;1989;city
zone_city_59053;1478;city
zone_city_69266;1734;city
zone_city_93010;1990;city
zone_city_59067;1479;city
zone_city_69268;1735;city
zone_city_93013;1991;city
zone_city_59068;1480;city
zone_city_69270;1736;city
zone_city_93014;1992;city
zone_city_59079;1481;city
zone_city_69271;1737;city
zone_city_93015;1993;city
zone_city_59080;1482;city
zone_city_69272;1738;city
zone_city_93027;1994;city
zone_city_59090;1483;city
zone_city_69273;1739;city
zone_city_93029;1995;city
zone_city_59092;1484;city
zone_city_69275;1740;city
zone_city_93030;1996;city
zone_city_59094;1485;city
zone_city_69276;1741;city
zone_city_93031;1997;city
zone_city_59098;1486;city
zone_city_69277;1742;city
zone_city_93032;1998;city
zone_city_59104;1487;city
zone_city_69278;1743;city
zone_city_93033;1999;city
zone_city_59107;1488;city
zone_city_69279;1744;city
zone_city_93039;2000;city
zone_city_59112;1489;city
zone_city_69282;1745;city
zone_city_93045;2001;city
zone_city_59122;1490;city
zone_city_69283;1746;city
zone_city_93046;2002;city
zone_city_59131;1491;city
zone_city_69284;1747;city
zone_city_93047;2003;city
zone_city_59136;1492;city
zone_city_69285;1748;city
zone_city_93048;2004;city
zone_city_59139;1493;city
zone_city_69286;1749;city
zone_city_93049;2005;city
zone_city_59143;1494;city
zone_city_69287;1750;city
zone_city_93050;2006;city
zone_city_59146;1495;city
zone_city_69288;1751;city
zone_city_93051;2007;city
zone_city_59152;1496;city
zone_city_69289;1752;city
zone_city_93053;2008;city
zone_city_59153;1497;city
zone_city_69290;1753;city
zone_city_93055;2009;city
zone_city_59155;1498;city
zone_city_69291;1754;city
zone_city_93057;2010;city
zone_city_59156;1499;city
zone_city_69292;1755;city
zone_city_93059;2011;city
zone_city_59158;1500;city
zone_city_69294;1756;city
zone_city_93061;2012;city
zone_city_59160;1501;city
zone_city_69296;1757;city
zone_city_93062;2013;city
zone_city_59163;1502;city
zone_city_69297;1758;city
zone_city_93063;2014;city
zone_city_59165;1503;city
zone_city_69298;1759;city
zone_city_93064;2015;city
zone_city_59168;1504;city
zone_city_69299;1760;city
zone_city_93066;2016;city
zone_city_59170;1505;city
zone_city_75056;1761;city
zone_city_93070;2017;city
zone_city_59172;1506;city
zone_city_76005;1762;city
zone_city_93071;2018;city
zone_city_59178;1507;city
zone_city_76026;1763;city
zone_city_93072;2019;city
zone_city_59179;1508;city
zone_city_76034;1764;city
zone_city_93073;2020;city
zone_city_59183;1509;city
zone_city_76057;1765;city
zone_city_93074;2021;city
zone_city_59193;1510;city
zone_city_76095;1766;city
zone_city_93077;2022;city
zone_city_59202;1511;city
zone_city_76101;1767;city
zone_city_93078;2023;city
zone_city_59205;1512;city
zone_city_76103;1768;city
zone_city_93079;2024;city
zone_city_59206;1513;city
zone_city_76108;1769;city
zone_city_94001;2025;city
zone_city_59207;1514;city
zone_city_76114;1770;city
zone_city_94002;2026;city
zone_city_59212;1515;city
zone_city_76116;1771;city
zone_city_94003;2027;city
zone_city_59220;1516;city
zone_city_76146;1772;city
zone_city_94004;2028;city
zone_city_59221;1517;city
zone_city_76157;1773;city
zone_city_94011;2029;city
zone_city_59225;1518;city
zone_city_76159;1774;city
zone_city_94015;2030;city
zone_city_59227;1519;city
zone_city_76164;1775;city
zone_city_94016;2031;city
zone_city_59230;1520;city
zone_city_76165;1776;city
zone_city_94017;2032;city
zone_city_59234;1521;city
zone_city_76178;1777;city
zone_city_94018;2033;city
zone_city_59239;1522;city
zone_city_76192;1778;city
zone_city_94019;2034;city
zone_city_59249;1523;city
zone_city_76196;1779;city
zone_city_94021;2035;city
zone_city_59253;1524;city
zone_city_76212;1780;city
zone_city_94022;2036;city
zone_city_59256;1525;city
zone_city_76216;1781;city
zone_city_94028;2037;city
zone_city_59258;1526;city
zone_city_76217;1782;city
zone_city_94033;2038;city
zone_city_59260;1527;city
zone_city_76219;1783;city
zone_city_94034;2039;city
zone_city_59266;1528;city
zone_city_76222;1784;city
zone_city_94037;2040;city
zone_city_59268;1529;city
zone_city_76231;1785;city
zone_city_94038;2041;city
zone_city_59271;1530;city
zone_city_76238;1786;city
zone_city_94041;2042;city
zone_city_59272;1531;city
zone_city_76255;1787;city
zone_city_94042;2043;city
zone_city_59273;1532;city
zone_city_76258;1788;city
zone_city_94043;2044;city
zone_city_59276;1533;city
zone_city_76259;1789;city
zone_city_94044;2045;city
zone_city_59278;1534;city
zone_city_76270;1790;city
zone_city_94046;2046;city
zone_city_59279;1535;city
zone_city_76276;1791;city
zone_city_94047;2047;city
zone_city_community_200084952;1280;city_community
zone_city_community_200090504;1281;city_community
zone_city_community_240600551;1282;city_community
zone_city_community_240600585;1283;city_community
zone_city_community_240600593;1284;city_community
zone_city_community_241300375;1285;city_community
zone_city_community_241300417;1286;city_community
zone_city_community_245900410;1287;city_community
zone_city_community_245900428;1288;city_community
zone_city_community_245900758;1289;city_community
zone_city_community_245901038;1290;city_community
zone_city_community_245901061;1291;city_community
zone_city_community_245901152;1292;city_community
zone_city_community_245901160;1293;city_community
zone_city_community_246900575;1294;city_community
zone_city_community_246900625;1295;city_community
zone_city_community_246900724;1296;city_community
zone_city_community_246900740;1297;city_community
zone_city_community_246900757;1298;city_community
zone_city_community_246900765;1299;city_community
zone_city_community_247600505;1300;city_community
zone_city_community_247600588;1301;city_community
zone_city_community_247600604;1302;city_community
zone_city_community_247600620;1303;city_community
zone_city_community_247600646;1304;city_community
zone_city_community_247600729;1305;city_community
zone_city_community_247600786;1306;city_community
zone_city_community_247700032;1307;city_community
zone_city_community_247700057;1308;city_community
zone_city_community_247700065;1309;city_community
zone_city_community_247700107;1310;city_community
zone_city_community_247700339;1311;city_community
zone_city_community_247700594;1312;city_community
zone_city_community_247700644;1313;city_community
zone_city_community_247700701;1314;city_community
zone_city_community_200010700;1230;city_community
zone_city_community_200023125;1231;city_community
zone_city_community_200023240;1232;city_community
zone_city_community_200023414;1233;city_community
zone_city_community_200023919;1234;city_community
zone_city_community_200030195;1235;city_community
zone_city_community_200030633;1236;city_community
zone_city_community_200033090;1237;city_community
zone_city_community_200035087;1238;city_community
zone_city_community_200037133;1239;city_community
zone_city_community_200039857;1240;city_community
zone_city_community_200039915;1241;city_community
zone_city_community_200039931;1242;city_community
zone_city_community_200040251;1243;city_community
zone_city_community_200040566;1244;city_community
zone_city_community_200040574;1245;city_community
zone_city_community_200040590;1246;city_community
zone_city_community_200040947;1247;city_community
zone_city_community_200040954;1248;city_community
zone_city_community_200041960;1249;city_community
zone_city_community_200042190;1250;city_community
zone_city_community_200043263;1251;city_community
zone_city_community_200043321;1252;city_community
zone_city_community_200043396;1253;city_community
zone_city_community_200043404;1254;city_community
zone_city_community_200044618;1255;city_community
zone_city_community_200046977;1256;city_community
zone_city_community_200054781;1257;city_community
zone_city_community_200054807;1258;city_community
zone_city_community_200055655;1259;city_community
zone_city_community_200057958;1260;city_community
zone_city_community_200059228;1261;city_community
zone_city_community_200066405;1262;city_community
zone_city_community_200066587;1263;city_community
zone_city_community_200067817;1264;city_community
zone_city_community_200068500;1265;city_community
zone_city_community_200068534;1266;city_community
zone_city_community_200069722;1267;city_community
zone_city_community_200069730;1268;city_community
zone_city_community_200069821;1269;city_community
zone_city_community_200069839;1270;city_community
zone_city_community_200069847;1271;city_community
zone_city_community_200070068;1272;city_community
zone_city_community_200070449;1273;city_community
zone_city_community_200070779;1274;city_community
zone_city_community_200072130;1275;city_community
zone_city_community_200072346;1276;city_community
zone_city_community_200072544;1277;city_community
zone_city_community_200072874;1278;city_community
zone_city_community_200077014;1279;city_community
zone_consular_district_CONS_001-1;2118;consular_district
zone_consular_district_CONS_001-2;2119;consular_district
zone_consular_district_CONS_001-3;2120;consular_district
zone_consular_district_CONS_001-4;2121;consular_district
zone_consular_district_CONS_002-1;2122;consular_district
zone_consular_district_CONS_002-2;2123;consular_district
zone_consular_district_CONS_002-3;2124;consular_district
zone_consular_district_CONS_002-4;2125;consular_district
zone_consular_district_CONS_002-5;2126;consular_district
zone_consular_district_CONS_002-6;2127;consular_district
zone_consular_district_CONS_002-7;2128;consular_district
zone_consular_district_CONS_002-8;2129;consular_district
zone_consular_district_CONS_002-9;2130;consular_district
zone_consular_district_CONS_003;2131;consular_district
zone_consular_district_CONS_004;2132;consular_district
zone_consular_district_CONS_005-1;2133;consular_district
zone_consular_district_CONS_005-2;2134;consular_district
zone_consular_district_CONS_005-3;2135;consular_district
zone_consular_district_CONS_006;2136;consular_district
zone_consular_district_CONS_007;2137;consular_district
zone_consular_district_CONS_008;2138;consular_district
zone_consular_district_CONS_009;2139;consular_district
zone_consular_district_CONS_010;2140;consular_district
zone_consular_district_CONS_011;2141;consular_district
zone_consular_district_CONS_012;2142;consular_district
zone_consular_district_CONS_013;2143;consular_district
zone_consular_district_CONS_014;2144;consular_district
zone_consular_district_CONS_015;2145;consular_district
zone_consular_district_CONS_016;2146;consular_district
zone_consular_district_CONS_017;2147;consular_district
zone_consular_district_CONS_018;2148;consular_district
zone_consular_district_CONS_019;2149;consular_district
zone_consular_district_CONS_020;2150;consular_district
zone_consular_district_CONS_021;2151;consular_district
zone_consular_district_CONS_022;2152;consular_district
zone_consular_district_CONS_023-1;2153;consular_district
zone_consular_district_CONS_023-2;2154;consular_district
zone_consular_district_CONS_024;2155;consular_district
zone_consular_district_CONS_025;2156;consular_district
zone_consular_district_CONS_026;2157;consular_district
zone_consular_district_CONS_027;2158;consular_district
zone_consular_district_CONS_028;2159;consular_district
zone_consular_district_CONS_029;2160;consular_district
zone_consular_district_CONS_030-1;2161;consular_district
zone_consular_district_CONS_030-2;2162;consular_district
zone_consular_district_CONS_031;2163;consular_district
zone_consular_district_CONS_032-1;2164;consular_district
zone_consular_district_CONS_032-2;2165;consular_district
zone_consular_district_CONS_033-1;2166;consular_district
zone_consular_district_CONS_033-2;2167;consular_district
zone_consular_district_CONS_033-3;2168;consular_district
zone_consular_district_CONS_034;2169;consular_district
zone_consular_district_CONS_035;2170;consular_district
zone_consular_district_CONS_036;2171;consular_district
zone_consular_district_CONS_037;2172;consular_district
zone_consular_district_CONS_038;2173;consular_district
zone_consular_district_CONS_039;2174;consular_district
zone_consular_district_CONS_040;2175;consular_district
zone_consular_district_CONS_041;2176;consular_district
zone_consular_district_CONS_042;2177;consular_district
zone_consular_district_CONS_043;2178;consular_district
zone_consular_district_CONS_044;2179;consular_district
zone_consular_district_CONS_045-1;2180;consular_district
zone_consular_district_CONS_045-2;2181;consular_district
zone_consular_district_CONS_046;2182;consular_district
zone_consular_district_CONS_047-1;2183;consular_district
zone_consular_district_CONS_047-2;2184;consular_district
zone_consular_district_CONS_048-1;2185;consular_district
zone_consular_district_CONS_048-2;2186;consular_district
zone_consular_district_CONS_048-3;2187;consular_district
zone_consular_district_CONS_049-1;2188;consular_district
zone_consular_district_CONS_049-2;2189;consular_district
zone_consular_district_CONS_049-3;2190;consular_district
zone_consular_district_CONS_049-4;2191;consular_district
zone_consular_district_CONS_049-5;2192;consular_district
zone_consular_district_CONS_049-6;2193;consular_district
zone_consular_district_CONS_050;2194;consular_district
zone_consular_district_CONS_051;2195;consular_district
zone_consular_district_CONS_052;2196;consular_district
zone_consular_district_CONS_053;2197;consular_district
zone_consular_district_CONS_054;2198;consular_district
zone_consular_district_CONS_055;2199;consular_district
zone_consular_district_CONS_056;2200;consular_district
zone_consular_district_CONS_057;2201;consular_district
zone_consular_district_CONS_058;2202;consular_district
zone_consular_district_CONS_059;2203;consular_district
zone_consular_district_CONS_060;2204;consular_district
zone_consular_district_CONS_061;2205;consular_district
zone_consular_district_CONS_062;2206;consular_district
zone_consular_district_CONS_063;2207;consular_district
zone_consular_district_CONS_064;2208;consular_district
zone_consular_district_CONS_065;2209;consular_district
zone_consular_district_CONS_066;2210;consular_district
zone_consular_district_CONS_067;2211;consular_district
zone_consular_district_CONS_068;2212;consular_district
zone_consular_district_CONS_069;2213;consular_district
zone_consular_district_CONS_070;2214;consular_district
zone_consular_district_CONS_071;2215;consular_district
zone_consular_district_CONS_072;2216;consular_district
zone_consular_district_CONS_073;2217;consular_district
zone_consular_district_CONS_074;2218;consular_district
zone_consular_district_CONS_075;2219;consular_district
zone_consular_district_CONS_076-1;2220;consular_district
zone_consular_district_CONS_076-2;2221;consular_district
zone_consular_district_CONS_077;2222;consular_district
zone_consular_district_CONS_078;2223;consular_district
zone_consular_district_CONS_079;2224;consular_district
zone_consular_district_CONS_080;2225;consular_district
zone_consular_district_CONS_081;2226;consular_district
zone_consular_district_CONS_082;2227;consular_district
zone_consular_district_CONS_083;2228;consular_district
zone_consular_district_CONS_084;2229;consular_district
zone_consular_district_CONS_085;2230;consular_district
zone_consular_district_CONS_086-1;2231;consular_district
zone_consular_district_CONS_086-2;2232;consular_district
zone_consular_district_CONS_086-3;2233;consular_district
zone_consular_district_CONS_086-4;2234;consular_district
zone_consular_district_CONS_087;2235;consular_district
zone_consular_district_CONS_088-1;2236;consular_district
zone_consular_district_CONS_088-2;2237;consular_district
zone_consular_district_CONS_089;2238;consular_district
zone_consular_district_CONS_090;2239;consular_district
zone_consular_district_CONS_091;2240;consular_district
zone_consular_district_CONS_092;2241;consular_district
zone_consular_district_CONS_093;2242;consular_district
zone_consular_district_CONS_094;2243;consular_district
zone_consular_district_CONS_095;2244;consular_district
zone_consular_district_CONS_096;2245;consular_district
zone_consular_district_CONS_097;2246;consular_district
zone_consular_district_CONS_098;2247;consular_district
zone_country_VE;256;country
zone_country_VN;257;country
zone_country_WF;258;country
zone_country_AF;3;country
zone_country_YE;259;country
zone_country_ZM;260;country
zone_country_ZA;5;country
zone_country_ZW;261;country
zone_country_XK;262;country
zone_country_AL;7;country
zone_country_DZ;9;country
zone_country_DE;10;country
zone_country_AD;12;country
zone_country_AO;13;country
zone_country_AI;14;country
zone_country_AQ;15;country
zone_country_AG;16;country
zone_country_SA;17;country
zone_country_AR;19;country
zone_country_AM;20;country
zone_country_AW;21;country
zone_country_AU;22;country
zone_country_AT;23;country
zone_country_AZ;24;country
zone_country_BS;25;country
zone_country_BH;26;country
zone_country_BD;27;country
zone_country_BB;28;country
zone_country_BE;30;country
zone_country_BZ;31;country
zone_country_BJ;32;country
zone_country_BM;33;country
zone_country_BT;34;country
zone_country_BY;35;country
zone_country_BO;36;country
zone_country_BA;37;country
zone_country_BW;38;country
zone_country_BR;39;country
zone_country_BN;40;country
zone_country_BG;41;country
zone_country_BF;42;country
zone_country_BI;43;country
zone_country_KH;44;country
zone_country_CM;45;country
zone_country_CA;47;country
zone_country_CV;48;country
zone_country_CL;49;country
zone_country_CN;50;country
zone_country_CY;52;country
zone_country_CO;53;country
zone_country_KM;54;country
zone_country_CG;55;country
zone_country_CD;56;country
zone_country_KP;57;country
zone_country_KR;58;country
zone_country_CR;59;country
zone_country_CI;60;country
zone_country_HR;61;country
zone_country_CU;62;country
zone_country_CW;63;country
zone_country_DK;65;country
zone_country_DJ;66;country
zone_country_DM;67;country
zone_country_EG;68;country
zone_country_AE;69;country
zone_country_EC;70;country
zone_country_ER;71;country
zone_country_ES;72;country
zone_country_EE;73;country
zone_country_SZ;74;country
zone_country_VA;75;country
zone_country_FM;76;country
zone_country_US;77;country
zone_country_ET;78;country
zone_country_FJ;79;country
zone_country_FI;80;country
zone_country_FR;81;country
zone_country_GA;82;country
zone_country_GM;83;country
zone_country_GE;84;country
zone_country_GS;85;country
zone_country_GH;86;country
zone_country_GI;87;country
zone_country_GR;88;country
zone_country_GD;89;country
zone_country_GL;90;country
zone_country_GP;91;country
zone_country_GU;92;country
zone_country_GT;93;country
zone_country_GG;94;country
zone_country_GN;95;country
zone_country_GQ;96;country
zone_country_GW;97;country
zone_country_GY;98;country
zone_country_GF;99;country
zone_country_HT;100;country
zone_country_HN;101;country
zone_country_HU;102;country
zone_country_BV;103;country
zone_country_CX;104;country
zone_country_IM;105;country
zone_country_NF;106;country
zone_country_AX;107;country
zone_country_KY;108;country
zone_country_CC;109;country
zone_country_CK;110;country
zone_country_FO;111;country
zone_country_HM;112;country
zone_country_FK;113;country
zone_country_MP;114;country
zone_country_MH;115;country
zone_country_UM;116;country
zone_country_PN;117;country
zone_country_SB;118;country
zone_country_TC;119;country
zone_country_VG;120;country
zone_country_VI;121;country
zone_country_IN;122;country
zone_country_ID;123;country
zone_country_IQ;124;country
zone_country_IR;125;country
zone_country_IE;126;country
zone_country_IS;127;country
zone_country_IL;128;country
zone_country_IT;129;country
zone_country_JM;130;country
zone_country_JP;131;country
zone_country_JE;132;country
zone_country_JO;133;country
zone_country_KZ;134;country
zone_country_KE;135;country
zone_country_KG;136;country
zone_country_KI;137;country
zone_country_KW;138;country
zone_country_RE;139;country
zone_country_LA;140;country
zone_country_LS;141;country
zone_country_LV;142;country
zone_country_LB;143;country
zone_country_LR;144;country
zone_country_LY;145;country
zone_country_LI;147;country
zone_country_LT;148;country
zone_country_LU;149;country
zone_country_MK;150;country
zone_country_MG;151;country
zone_country_MY;152;country
zone_country_MW;153;country
zone_country_MV;154;country
zone_country_ML;155;country
zone_country_MT;156;country
zone_country_MA;157;country
zone_country_MQ;158;country
zone_country_MU;159;country
zone_country_MR;160;country
zone_country_YT;161;country
zone_country_MX;162;country
zone_country_MD;163;country
zone_country_MC;164;country
zone_country_MN;165;country
zone_country_ME;166;country
zone_country_MS;167;country
zone_country_MZ;168;country
zone_country_MM;169;country
zone_country_NA;170;country
zone_country_NR;171;country
zone_country_NP;172;country
zone_country_NI;173;country
zone_country_NE;174;country
zone_country_NG;175;country
zone_country_NU;176;country
zone_country_NO;177;country
zone_country_NC;178;country
zone_country_NZ;179;country
zone_country_OM;180;country
zone_country_UG;181;country
zone_country_UZ;182;country
zone_country_PK;183;country
zone_country_PW;184;country
zone_country_PA;185;country
zone_country_PG;186;country
zone_country_PY;187;country
zone_country_NL;188;country
zone_country_BQ;189;country
zone_country_PE;190;country
zone_country_PH;191;country
zone_country_PL;192;country
zone_country_PF;193;country
zone_country_PR;194;country
zone_country_PT;195;country
zone_country_QA;196;country
zone_country_HK;197;country
zone_country_MO;198;country
zone_country_CF;199;country
zone_country_DO;200;country
zone_country_RO;201;country
zone_country_GB;202;country
zone_country_RU;203;country
zone_country_RW;204;country
zone_country_EH;205;country
zone_country_BL;206;country
zone_country_KN;207;country
zone_country_SM;208;country
zone_country_MF;209;country
zone_country_SX;210;country
zone_country_PM;211;country
zone_country_VC;212;country
zone_country_SH;213;country
zone_country_LC;214;country
zone_country_SV;215;country
zone_country_WS;216;country
zone_country_AS;217;country
zone_country_ST;218;country
zone_country_SN;219;country
zone_country_RS;220;country
zone_country_SC;221;country
zone_country_SL;222;country
zone_country_SG;223;country
zone_country_SK;224;country
zone_country_SI;225;country
zone_country_SO;226;country
zone_country_SD;227;country
zone_country_SS;228;country
zone_country_LK;229;country
zone_country_SE;230;country
zone_country_CH;231;country
zone_country_SR;232;country
zone_country_SJ;233;country
zone_country_SY;234;country
zone_country_TJ;235;country
zone_country_TW;236;country
zone_country_TZ;237;country
zone_country_TD;238;country
zone_country_CZ;239;country
zone_country_TF;240;country
zone_country_IO;241;country
zone_country_PS;242;country
zone_country_TH;243;country
zone_country_TL;244;country
zone_country_TG;245;country
zone_country_TK;246;country
zone_country_TO;247;country
zone_country_TT;248;country
zone_country_TN;249;country
zone_country_TM;250;country
zone_country_TR;251;country
zone_country_TV;252;country
zone_country_UA;253;country
zone_country_UY;254;country
zone_country_VU;255;country
zone_custom_FDE;1;custom
zone_department_971;282;department
zone_department_972;283;department
zone_department_973;284;department
zone_department_974;285;department
zone_department_976;286;department
zone_department_75;287;department
zone_department_77;288;department
zone_department_78;289;department
zone_department_91;290;department
zone_department_92;291;department
zone_department_93;292;department
zone_department_94;293;department
zone_department_95;294;department
zone_department_18;295;department
zone_department_28;296;department
zone_department_36;297;department
zone_department_37;298;department
zone_department_41;299;department
zone_department_45;300;department
zone_department_21;301;department
zone_department_25;302;department
zone_department_39;303;department
zone_department_58;304;department
zone_department_70;305;department
zone_department_71;306;department
zone_department_89;307;department
zone_department_90;308;department
zone_department_14;309;department
zone_department_27;310;department
zone_department_50;311;department
zone_department_61;312;department
zone_department_76;313;department
zone_department_02;314;department
zone_department_59;315;department
zone_department_60;316;department
zone_department_62;317;department
zone_department_80;318;department
zone_department_08;319;department
zone_department_10;320;department
zone_department_51;321;department
zone_department_52;322;department
zone_department_54;323;department
zone_department_55;324;department
zone_department_57;325;department
zone_department_67;326;department
zone_department_68;327;department
zone_department_88;328;department
zone_department_44;329;department
zone_department_49;330;department
zone_department_53;331;department
zone_department_72;332;department
zone_department_85;333;department
zone_department_22;334;department
zone_department_29;335;department
zone_department_35;336;department
zone_department_56;337;department
zone_department_16;338;department
zone_department_17;339;department
zone_department_19;340;department
zone_department_23;341;department
zone_department_24;342;department
zone_department_33;343;department
zone_department_40;344;department
zone_department_47;345;department
zone_department_64;346;department
zone_department_79;347;department
zone_department_86;348;department
zone_department_87;349;department
zone_department_09;350;department
zone_department_11;351;department
zone_department_12;352;department
zone_department_30;353;department
zone_department_31;354;department
zone_department_32;355;department
zone_department_34;356;department
zone_department_46;357;department
zone_department_48;358;department
zone_department_65;359;department
zone_department_66;360;department
zone_department_81;361;department
zone_department_82;362;department
zone_department_01;363;department
zone_department_03;364;department
zone_department_07;365;department
zone_department_15;366;department
zone_department_26;367;department
zone_department_38;368;department
zone_department_42;369;department
zone_department_43;370;department
zone_department_63;371;department
zone_department_69;372;department
zone_department_73;373;department
zone_department_74;374;department
zone_department_04;375;department
zone_department_05;376;department
zone_department_06;377;department
zone_department_13;378;department
zone_department_83;379;department
zone_department_84;380;department
zone_department_2A;381;department
zone_department_2B;382;department
zone_department_975;383;department
zone_department_977;384;department
zone_department_978;385;department
zone_department_984;386;department
zone_department_986;387;department
zone_department_987;388;department
zone_department_988;389;department
zone_department_989;390;department
zone_district_2A-1;512;district
zone_district_73-2;768;district
zone_district_2A-2;513;district
zone_district_73-4;769;district
zone_district_2B-2;514;district
zone_district_74-5;770;district
zone_district_2B-1;515;district
zone_district_74-2;771;district
zone_district_30-6;516;district
zone_district_74-1;772;district
zone_district_30-5;517;district
zone_district_74-3;773;district
zone_district_30-2;518;district
zone_district_74-4;774;district
zone_district_30-4;519;district
zone_district_74-6;775;district
zone_district_30-3;520;district
zone_district_75-1;776;district
zone_district_30-1;521;district
zone_district_75-2;777;district
zone_district_31-8;522;district
zone_district_75-3;778;district
zone_district_31-7;523;district
zone_district_75-4;779;district
zone_district_31-10;524;district
zone_district_75-5;780;district
zone_district_31-5;525;district
zone_district_75-6;781;district
zone_district_31-2;526;district
zone_district_75-7;782;district
zone_district_31-3;527;district
zone_district_75-8;783;district
zone_district_31-1;528;district
zone_district_75-9;784;district
zone_district_31-6;529;district
zone_district_75-10;785;district
zone_district_31-9;530;district
zone_district_75-11;786;district
zone_district_31-4;531;district
zone_district_75-12;787;district
zone_district_32-1;532;district
zone_district_75-13;788;district
zone_district_32-2;533;district
zone_district_75-14;789;district
zone_district_33-11;534;district
zone_district_75-15;790;district
zone_district_33-12;535;district
zone_district_75-16;791;district
zone_district_33-4;536;district
zone_district_75-17;792;district
zone_district_33-8;537;district
zone_district_75-18;793;district
zone_district_33-9;538;district
zone_district_76-10;794;district
zone_district_33-5;539;district
zone_district_76-9;795;district
zone_district_33-10;540;district
zone_district_76-6;796;district
zone_district_33-3;541;district
zone_district_76-2;797;district
zone_district_33-1;542;district
zone_district_76-5;798;district
zone_district_33-2;543;district
zone_district_76-4;799;district
zone_district_33-7;544;district
zone_district_76-7;800;district
zone_district_33-6;545;district
zone_district_76-1;801;district
zone_district_34-7;546;district
zone_district_76-8;802;district
zone_district_34-5;547;district
zone_district_76-3;803;district
zone_district_34-4;548;district
zone_district_77-2;804;district
zone_district_34-3;549;district
zone_district_77-4;805;district
zone_district_34-8;550;district
zone_district_77-3;806;district
zone_district_34-6;551;district
zone_district_77-7;807;district
zone_district_34-9;552;district
zone_district_77-1;808;district
zone_district_34-1;553;district
zone_district_77-6;809;district
zone_district_34-2;554;district
zone_district_77-5;810;district
zone_district_35-2;555;district
zone_district_77-11;811;district
zone_district_35-5;556;district
zone_district_77-9;812;district
zone_district_35-6;557;district
zone_district_77-10;813;district
zone_district_35-7;558;district
zone_district_77-8;814;district
zone_district_35-4;559;district
zone_district_78-10;815;district
zone_district_35-3;560;district
zone_district_78-6;816;district
zone_district_35-1;561;district
zone_district_78-9;817;district
zone_district_35-8;562;district
zone_district_78-12;818;district
zone_district_36-2;563;district
zone_district_78-7;819;district
zone_district_36-1;564;district
zone_district_78-3;820;district
zone_district_37-3;565;district
zone_district_78-11;821;district
zone_district_37-5;566;district
zone_district_78-8;822;district
zone_district_37-2;567;district
zone_district_78-2;823;district
zone_district_37-4;568;district
zone_district_78-4;824;district
zone_district_37-1;569;district
zone_district_78-1;825;district
zone_district_38-5;570;district
zone_district_78-5;826;district
zone_district_38-10;571;district
zone_district_79-3;827;district
zone_district_38-7;572;district
zone_district_79-2;828;district
zone_district_38-9;573;district
zone_district_79-1;829;district
zone_district_38-4;574;district
zone_district_80-1;830;district
zone_district_38-6;575;district
zone_district_80-5;831;district
zone_district_38-8;576;district
zone_district_80-3;832;district
zone_district_38-1;577;district
zone_district_80-4;833;district
zone_district_38-2;578;district
zone_district_80-2;834;district
zone_district_38-3;579;district
zone_district_81-3;835;district
zone_district_39-3;580;district
zone_district_81-1;836;district
zone_district_39-1;581;district
zone_district_81-2;837;district
zone_district_39-2;582;district
zone_district_82-2;838;district
zone_district_40-3;583;district
zone_district_82-1;839;district
zone_district_40-2;584;district
zone_district_83-5;840;district
zone_district_40-1;585;district
zone_district_83-8;841;district
zone_district_41-3;586;district
zone_district_83-4;842;district
zone_district_41-1;587;district
zone_district_83-7;843;district
zone_district_41-2;588;district
zone_district_83-6;844;district
zone_district_42-4;589;district
zone_district_83-2;845;district
zone_district_42-6;590;district
zone_district_83-3;846;district
zone_district_42-5;591;district
zone_district_83-1;847;district
zone_district_42-3;592;district
zone_district_84-3;848;district
zone_district_42-1;593;district
zone_district_84-5;849;district
zone_district_42-2;594;district
zone_district_84-1;850;district
zone_district_43-2;595;district
zone_district_84-4;851;district
zone_district_43-1;596;district
zone_district_84-2;852;district
zone_district_44-6;597;district
zone_district_85-5;853;district
zone_district_44-10;598;district
zone_district_85-3;854;district
zone_district_44-9;599;district
zone_district_85-1;855;district
zone_district_44-7;600;district
zone_district_85-2;856;district
zone_district_44-4;601;district
zone_district_85-4;857;district
zone_district_44-8;602;district
zone_district_86-3;858;district
zone_district_44-5;603;district
zone_district_86-1;859;district
zone_district_44-3;604;district
zone_district_86-4;860;district
zone_district_44-1;605;district
zone_district_86-2;861;district
zone_district_44-2;606;district
zone_district_87-2;862;district
zone_district_45-3;607;district
zone_district_87-1;863;district
zone_district_45-4;608;district
zone_district_87-3;864;district
zone_district_45-5;609;district
zone_district_88-4;865;district
zone_district_45-2;610;district
zone_district_88-2;866;district
zone_district_45-1;611;district
zone_district_88-1;867;district
zone_district_45-6;612;district
zone_district_88-3;868;district
zone_district_46-1;613;district
zone_district_89-2;869;district
zone_district_46-2;614;district
zone_district_89-1;870;district
zone_district_47-1;615;district
zone_district_89-3;871;district
zone_district_47-2;616;district
zone_district_90-1;872;district
zone_district_47-3;617;district
zone_district_90-2;873;district
zone_district_48-1;618;district
zone_district_91-2;874;district
zone_district_49-3;619;district
zone_district_91-3;875;district
zone_district_49-4;620;district
zone_district_91-7;876;district
zone_district_49-1;621;district
zone_district_91-4;877;district
zone_district_49-2;622;district
zone_district_91-5;878;district
zone_district_49-6;623;district
zone_district_91-1;879;district
zone_district_49-7;624;district
zone_district_91-9;880;district
zone_district_49-5;625;district
zone_district_91-8;881;district
zone_district_50-1;626;district
zone_district_91-6;882;district
zone_district_50-3;627;district
zone_district_91-10;883;district
zone_district_50-4;628;district
zone_district_92-13;884;district
zone_district_50-2;629;district
zone_district_92-2;885;district
zone_district_51-5;630;district
zone_district_92-11;886;district
zone_district_51-3;631;district
zone_district_92-3;887;district
zone_district_51-4;632;district
zone_district_92-9;888;district
zone_district_51-2;633;district
zone_district_92-10;889;district
zone_district_51-1;634;district
zone_district_92-12;890;district
zone_district_52-1;635;district
zone_district_92-8;891;district
zone_district_52-2;636;district
zone_district_92-5;892;district
zone_district_53-2;637;district
zone_district_92-1;893;district
zone_district_53-3;638;district
zone_district_92-6;894;district
zone_district_53-1;639;district
zone_district_92-7;895;district
zone_district_54-6;640;district
zone_district_92-4;896;district
zone_district_54-5;641;district
zone_district_93-6;897;district
zone_district_54-1;642;district
zone_district_93-10;898;district
zone_district_54-3;643;district
zone_district_93-7;899;district
zone_district_54-4;644;district
zone_district_93-4;900;district
zone_district_54-2;645;district
zone_district_93-5;901;district
zone_district_55-1;646;district
zone_district_93-9;902;district
zone_district_01-4;391;district
zone_district_55-2;647;district
zone_district_93-12;903;district
zone_district_01-5;392;district
zone_district_56-4;648;district
zone_district_93-1;904;district
zone_district_01-3;393;district
zone_district_56-1;649;district
zone_district_93-8;905;district
zone_district_01-2;394;district
zone_district_56-2;650;district
zone_district_93-3;906;district
zone_district_01-1;395;district
zone_district_56-3;651;district
zone_district_93-2;907;district
zone_district_02-4;396;district
zone_district_56-6;652;district
zone_district_93-11;908;district
zone_district_02-1;397;district
zone_district_56-5;653;district
zone_district_94-3;909;district
zone_district_02-5;398;district
zone_district_57-9;654;district
zone_district_94-9;910;district
zone_district_02-3;399;district
zone_district_57-4;655;district
zone_district_94-11;911;district
zone_district_02-2;400;district
zone_district_57-5;656;district
zone_district_94-1;912;district
zone_district_03-3;401;district
zone_district_57-7;657;district
zone_district_94-5;913;district
zone_district_03-1;402;district
zone_district_57-8;658;district
zone_district_94-8;914;district
zone_district_03-2;403;district
zone_district_57-6;659;district
zone_district_94-4;915;district
zone_district_04-1;404;district
zone_district_57-1;660;district
zone_district_94-7;916;district
zone_district_04-2;405;district
zone_district_57-3;661;district
zone_district_94-2;917;district
zone_district_05-2;406;district
zone_district_57-2;662;district
zone_district_94-6;918;district
zone_district_05-1;407;district
zone_district_58-2;663;district
zone_district_94-10;919;district
zone_district_06-2;408;district
zone_district_58-1;664;district
zone_district_95-1;920;district
zone_district_06-7;409;district
zone_district_59-18;665;district
zone_district_95-6;921;district
zone_district_06-5;410;district
zone_district_59-19;666;district
zone_district_95-5;922;district
zone_district_06-9;411;district
zone_district_59-3;667;district
zone_district_95-8;923;district
zone_district_06-4;412;district
zone_district_59-6;668;district
zone_district_95-2;924;district
zone_district_06-6;413;district
zone_district_59-5;669;district
zone_district_95-7;925;district
zone_district_06-8;414;district
zone_district_59-16;670;district
zone_district_95-3;926;district
zone_district_06-3;415;district
zone_district_59-2;671;district
zone_district_95-9;927;district
zone_district_06-1;416;district
zone_district_59-20;672;district
zone_district_95-10;928;district
zone_district_07-1;417;district
zone_district_59-17;673;district
zone_district_95-4;929;district
zone_district_07-3;418;district
zone_district_59-14;674;district
zone_district_971-1;930;district
zone_district_07-2;419;district
zone_district_59-11;675;district
zone_district_971-2;931;district
zone_district_08-1;420;district
zone_district_59-15;676;district
zone_district_971-3;932;district
zone_district_08-3;421;district
zone_district_59-21;677;district
zone_district_971-4;933;district
zone_district_08-2;422;district
zone_district_59-12;678;district
zone_district_972-2;934;district
zone_district_09-1;423;district
zone_district_59-9;679;district
zone_district_972-4;935;district
zone_district_09-2;424;district
zone_district_59-10;680;district
zone_district_972-3;936;district
zone_district_10-1;425;district
zone_district_59-13;681;district
zone_district_972-1;937;district
zone_district_10-2;426;district
zone_district_59-4;682;district
zone_district_973-1;938;district
zone_district_10-3;427;district
zone_district_59-7;683;district
zone_district_973-2;939;district
zone_district_11-1;428;district
zone_district_59-1;684;district
zone_district_974-7;940;district
zone_district_11-3;429;district
zone_district_59-8;685;district
zone_district_974-5;941;district
zone_district_11-2;430;district
zone_district_60-2;686;district
zone_district_974-3;942;district
zone_district_12-3;431;district
zone_district_60-1;687;district
zone_district_974-4;943;district
zone_district_12-2;432;district
zone_district_60-4;688;district
zone_district_974-2;944;district
zone_district_12-1;433;district
zone_district_60-7;689;district
zone_district_974-6;945;district
zone_district_13-11;434;district
zone_district_60-3;690;district
zone_district_974-1;946;district
zone_district_13-14;435;district
zone_district_60-6;691;district
zone_district_975-1;947;district
zone_district_13-10;436;district
zone_district_60-5;692;district
zone_district_976-1;948;district
zone_district_13-15;437;district
zone_district_61-1;693;district
zone_district_976-2;949;district
zone_district_13-16;438;district
zone_district_61-3;694;district
zone_district_977-1;950;district
zone_district_13-9;439;district
zone_district_61-2;695;district
zone_district_978-1;951;district
zone_district_13-8;440;district
zone_district_62-2;696;district
zone_district_986-1;952;district
zone_district_13-12;441;district
zone_district_62-1;697;district
zone_district_987-1;953;district
zone_district_13-13;442;district
zone_district_62-6;698;district
zone_district_987-3;954;district
zone_district_13-1;443;district
zone_district_62-8;699;district
zone_district_987-2;955;district
zone_district_13-2;444;district
zone_district_62-4;700;district
zone_district_988-2;956;district
zone_district_13-3;445;district
zone_district_62-10;701;district
zone_district_988-1;957;district
zone_district_13-4;446;district
zone_district_62-9;702;district
zone_district_13-5;447;district
zone_district_62-12;703;district
zone_district_13-6;448;district
zone_district_62-3;704;district
zone_district_13-7;449;district
zone_district_62-7;705;district
zone_district_14-4;450;district
zone_district_62-5;706;district
zone_district_14-6;451;district
zone_district_62-11;707;district
zone_district_14-5;452;district
zone_district_63-2;708;district
zone_district_14-3;453;district
zone_district_63-5;709;district
zone_district_14-2;454;district
zone_district_63-4;710;district
zone_district_14-1;455;district
zone_district_63-3;711;district
zone_district_15-2;456;district
zone_district_63-1;712;district
zone_district_15-1;457;district
zone_district_64-2;713;district
zone_district_16-3;458;district
zone_district_64-3;714;district
zone_district_16-2;459;district
zone_district_64-4;715;district
zone_district_16-1;460;district
zone_district_64-6;716;district
zone_district_17-4;461;district
zone_district_64-5;717;district
zone_district_17-2;462;district
zone_district_64-1;718;district
zone_district_17-3;463;district
zone_district_65-2;719;district
zone_district_17-1;464;district
zone_district_65-1;720;district
zone_district_17-5;465;district
zone_district_66-4;721;district
zone_district_18-1;466;district
zone_district_66-2;722;district
zone_district_18-3;467;district
zone_district_66-3;723;district
zone_district_18-2;468;district
zone_district_66-1;724;district
zone_district_19-1;469;district
zone_district_67-4;725;district
zone_district_19-2;470;district
zone_district_67-7;726;district
zone_district_21-5;471;district
zone_district_67-5;727;district
zone_district_21-4;472;district
zone_district_67-6;728;district
zone_district_21-1;473;district
zone_district_67-8;729;district
zone_district_21-3;474;district
zone_district_67-9;730;district
zone_district_21-2;475;district
zone_district_67-3;731;district
zone_district_22-3;476;district
zone_district_67-2;732;district
zone_district_22-2;477;district
zone_district_67-1;733;district
zone_district_22-4;478;district
zone_district_68-1;734;district
zone_district_22-5;479;district
zone_district_68-3;735;district
zone_district_22-1;480;district
zone_district_68-2;736;district
zone_district_23-1;481;district
zone_district_68-4;737;district
zone_district_24-3;482;district
zone_district_68-6;738;district
zone_district_24-4;483;district
zone_district_68-5;739;district
zone_district_24-2;484;district
zone_district_69-8;740;district
zone_district_24-1;485;district
zone_district_69-9;741;district
zone_district_25-1;486;district
zone_district_69-5;742;district
zone_district_25-3;487;district
zone_district_69-11;743;district
zone_district_25-4;488;district
zone_district_69-10;744;district
zone_district_25-5;489;district
zone_district_69-7;745;district
zone_district_25-2;490;district
zone_district_69-12;746;district
zone_district_26-3;491;district
zone_district_69-1;747;district
zone_district_26-4;492;district
zone_district_69-2;748;district
zone_district_26-2;493;district
zone_district_69-3;749;district
zone_district_26-1;494;district
zone_district_69-4;750;district
zone_district_27-2;495;district
zone_district_69-14;751;district
zone_district_27-1;496;district
zone_district_69-6;752;district
zone_district_27-4;497;district
zone_district_69-13;753;district
zone_district_27-3;498;district
zone_district_70-2;754;district
zone_district_27-5;499;district
zone_district_70-1;755;district
zone_district_28-2;500;district
zone_district_71-4;756;district
zone_district_28-4;501;district
zone_district_71-3;757;district
zone_district_28-3;502;district
zone_district_71-2;758;district
zone_district_28-1;503;district
zone_district_71-1;759;district
zone_district_29-6;504;district
zone_district_71-5;760;district
zone_district_29-8;505;district
zone_district_72-1;761;district
zone_district_29-7;506;district
zone_district_72-5;762;district
zone_district_29-1;507;district
zone_district_72-4;763;district
zone_district_29-5;508;district
zone_district_72-2;764;district
zone_district_29-2;509;district
zone_district_72-3;765;district
zone_district_29-4;510;district
zone_district_73-1;766;district
zone_district_29-3;511;district
zone_district_73-3;767;district
zone_foreign_district_CIRCO_FDE-11;2;foreign_district
zone_foreign_district_CIRCO_FDE-10;4;foreign_district
zone_foreign_district_CIRCO_FDE-07;6;foreign_district
zone_foreign_district_CIRCO_FDE-09;8;foreign_district
zone_foreign_district_CIRCO_FDE-05;11;foreign_district
zone_foreign_district_CIRCO_FDE-02;18;foreign_district
zone_foreign_district_CIRCO_FDE-04;29;foreign_district
zone_foreign_district_CIRCO_FDE-01;46;foreign_district
zone_foreign_district_CIRCO_FDE-08;51;foreign_district
zone_foreign_district_CIRCO_FDE-03;64;foreign_district
zone_foreign_district_CIRCO_FDE-06;146;foreign_district
zone_region_ROM;263;region
zone_region_84;264;region
zone_region_32;265;region
zone_region_93;266;region
zone_region_44;267;region
zone_region_76;268;region
zone_region_28;269;region
zone_region_75;270;region
zone_region_24;271;region
zone_region_27;272;region
zone_region_53;273;region
zone_region_94;274;region
zone_region_52;275;region
zone_region_11;276;region
zone_region_01;277;region
zone_region_02;278;region
zone_region_03;279;region
zone_region_04;280;region
zone_region_06;281;region
